Titel  - http://www.opendatakaart.nl/catalogus/datasets/datasets_dataset/t/kantorenleegstand_2013	titel_key	externe_id	datum	adres	postcode	omschrijving	locatie	url	plaats	type	gemeente	Nr	naam gebouw	adres_2	Bouwjaar	bvo	leeg/vrijkomend	jaar leeg		Website
damrak 28-30	damrak_28_30_1		0000-00-00 00:00:00	damrak 28-30			POINT(4.8967869 52.3761956)		amsterdam 		amsterdam 	1	de Utrecht	damrak 28-30		2000	2000	5-7	100%	"http://www.eefjevoogd.nl/projecten/damrak_de_utrecht__huren__centrum_
"
damrak 66	damrak_66_1		0000-00-00 00:00:00	damrak 66			POINT(4.8948908 52.3747534)		amsterdam 		amsterdam 	2		damrak 66		1500	1500	2-7	100%	"http://rijnboutt.nl/projects/268
"
dam 23-31	dam_23_31_1		0000-00-00 00:00:00	dam 23-31			POINT(4.8932335 52.3726311)		amsterdam 		amsterdam 	3	industria	dam 23-31		3600	2100	2-5	58%	"http://rijnboutt.nl/articles/666
"
sint pietershalsteeg 3-5	sint_pietershalsteeg_3_5_1		0000-00-00 00:00:00	sint pietershalsteeg 3-5			POINT(4.8942185 52.371292)		amsterdam 		amsterdam 	4		sint pietershalsteeg 3-5		3500	3500	2-3	100%	"http://www.deskowitz.com/toplocatie/?c=Dam
"
spuistraat 175	spuistraat_175		0000-00-00 00:00:00	spuistraat 175			POINT(4.8897732 52.3727727)		amsterdam 		amsterdam 	6		spuistraat 175		8300	8300	5-6	100%	"
"
dam 17-21/hermietenstraat 1-5	dam_17_21_hermietenstraat_1_5		0000-00-00 00:00:00	dam 17-21/hermietenstraat 1-5			POINT(4.8937578 52.3723131)		amsterdam 		amsterdam 	7	instantia	dam 17-21/hermietenstraat 1-5		2000	2000	5-6	100%	"
"
herengracht 280	herengracht_280_1		0000-00-00 00:00:00	herengracht 280			POINT(4.8868676 52.3708051)		amsterdam 		amsterdam 	8		herengracht 280	1720	1200	1000	10-11	80%	"
"
prinsengracht 432 - 436	prinsengracht_432_436		0000-00-00 00:00:00	prinsengracht 432 - 436			POINT(4.8830457 52.3708148)		amsterdam 		amsterdam 	12	Paleis van Justitie	prinsengracht 432 - 436	1825	15000	15	vrijk	100%	"
"
huidekoperstraat 26-28/pieter pauwstraat 7-15	huidekoperstraat_26_28_pieter_pauwstraat_7_15		0000-00-00 00:00:00	huidekoperstraat 26-28/pieter pauwstraat 7-15			POINT(4.8974498 52.3584424)		amsterdam 		amsterdam 	28		huidekoperstraat 26-28/pieter pauwstraat 7-15	1975	3400	3400	3-4	100%	"
"
herengracht 571	herengracht_571_1		0000-00-00 00:00:00	herengracht 571			POINT(4.8966644 52.3651483)		amsterdam 		amsterdam 	39	swanenburch	herengracht 571		1200	1200	7-8	100%	"
"
herengracht 598-600/amstel 214	herengracht_598_600_amstel_214		0000-00-00 00:00:00	herengracht 598-600/amstel 214			POINT(4.9004578 52.3654542)		amsterdam 		amsterdam 	41	de drieling	herengracht 598-600/amstel 214		1900	1900	2-3	100%	"
"
keizersgracht 610	keizersgracht_610_1		0000-00-00 00:00:00	keizersgracht 610			POINT(4.8901137 52.3639313)		amsterdam 		amsterdam 	42		keizersgracht 610		1000	1000	6-7	100%	"
"
keizersgracht 617-629	keizersgracht_617_629_1		0000-00-00 00:00:00	keizersgracht 617-629			POINT(4.8939706 52.3638659)		amsterdam 		amsterdam 	43	keizerhof	keizersgracht 617-629	1912	4600	4600	vrijk	100%	"
"
singel 542-548/reguliersdwarsstraat 75	singel_542_548_reguliersdwarsstraat_75		0000-00-00 00:00:00	singel 542-548/reguliersdwarsstraat 75			POINT(4.8927242 52.366233)		amsterdam 		amsterdam 	44	muntstaete	singel 542-548/reguliersdwarsstraat 75	1964	11500	9700	vrijk	84%	"
"
maassluisstraat 414-416	maassluisstraat_414_416_1		0000-00-00 00:00:00	maassluisstraat 414-416			POINT(4.8352551 52.3487315)		amsterdam 		amsterdam 	46		maassluisstraat 414-416	1965	1300	1100	5-6	88%	"
"
vlaardingenlaan 1	vlaardingenlaan_1_1		0000-00-00 00:00:00	vlaardingenlaan 1			POINT(4.845013 52.3464937)		amsterdam 		amsterdam 	49		vlaardingenlaan 1	1977	2100	2100	2-3	100%	"
"
derkinderenstraat 2-24	derkinderenstraat_2_24_1		0000-00-00 00:00:00	derkinderenstraat 2-24			POINT(4.8410123 52.3591391)		amsterdam 		amsterdam 	50	trivium	derkinderenstraat 2-24	2000	9400	5700	2-6	61%	"
"
jan tooropstraat 109	jan_tooropstraat_109_1		0000-00-00 00:00:00	jan tooropstraat 109			POINT(4.8364893 52.3647835)		amsterdam 		amsterdam 	51		jan tooropstraat 109	1962	3300	3300	3-4	100%	"
"
hageland 132-134	hageland_132_134_1		0000-00-00 00:00:00	hageland 132-134			POINT(4.8121469 52.3452368)		amsterdam 		amsterdam 	52	hageland	hageland 132-134	2002	1100	1100	2-3	100%	"
"
johan huizingalaan 761	johan_huizingalaan_761_1		0000-00-00 00:00:00	johan huizingalaan 761			POINT(4.828649 52.3430292)		amsterdam 		amsterdam 	53		johan huizingalaan 761	1976	14000	11200	8-9	80%	"
"
john m keynesplein 12-46	john_m_keynesplein_12_46_1		0000-00-00 00:00:00	john m keynesplein 12-46			POINT(4.8230955 52.3412233)		amsterdam 		amsterdam 	54	robijn,diamant,jade	john m keynesplein 12-46	2002	10500	10500	10-11	100%	"
"
plein 40-45 nr 5-10	plein_40_45_nr_5_10_1		0000-00-00 00:00:00	plein 40-45 nr 5-10			POINT(4.821988099999999 52.3797936)		amsterdam 		amsterdam 	55	carillon	plein 40-45 nr 5-10	1971	5600	4200	3-7	75%	"
"
slotermeerlaan 105a	slotermeerlaan_105a_1		0000-00-00 00:00:00	slotermeerlaan 105a			POINT(4.8202399 52.3798301)		amsterdam 		amsterdam 	56	jan de louterhof	slotermeerlaan 105a	2005	1100	1100	7-8	100%	"
"
overschiestraat 59	overschiestraat_59_1		0000-00-00 00:00:00	overschiestraat 59			POINT(4.8398607 52.3465779)		amsterdam 		amsterdam 	57	de coener	overschiestraat 59	1991	2900	1800	1-5	61%	"
"
overschiestraat 65	overschiestraat_65_1		0000-00-00 00:00:00	overschiestraat 65			POINT(4.8396574 52.3440317)		amsterdam 		amsterdam 	58	kwadraat b	overschiestraat 65	1991	4300	4300	1-4	100%	"
"
grasweg 29	grasweg_29_1		0000-00-00 00:00:00	grasweg 29			POINT(4.9031044 52.3878734)		amsterdam 		amsterdam 	59		grasweg 29	1928/1939	7900	7900	3-4	100%	"
"
panamalaan 200	panamalaan_200_1		0000-00-00 00:00:00	panamalaan 200			POINT(4.9346173 52.3715505)		amsterdam 		amsterdam 	60	tasmanië	panamalaan 200	2000	2700	2700	2-3	100%	"
"
overschiestraat 180	overschiestraat_180_1		0000-00-00 00:00:00	overschiestraat 180			POINT(4.8373487 52.3444092)		amsterdam 		amsterdam 	62	l' arche bleu	overschiestraat 180	1990	2900	1900	5-9	66%	"
"
vlaardingenlaan 15	vlaardingenlaan_15_1		0000-00-00 00:00:00	vlaardingenlaan 15			POINT(4.8372475 52.3466556)		amsterdam 		amsterdam 	65	lumen	vlaardingenlaan 15	1973	8000	8000	6-7	100%	"
"
duivendrechtsekade 42-48	duivendrechtsekade_42_48_1		0000-00-00 00:00:00	duivendrechtsekade 42-48			POINT(4.9287731 52.3374376)		amsterdam 		amsterdam 	67	kroon hof	duivendrechtsekade 42-48	2000	2800	2800	2-11	100%	"
"
fizeaustraat 2	fizeaustraat_2_1		0000-00-00 00:00:00	fizeaustraat 2			POINT(4.925551 52.3453433)		amsterdam 		amsterdam 	72		fizeaustraat 2	1972	5100	5100	7-9	100%	"
"
piet heinkade 165-169/jollemanhof	piet_heinkade_165_169_jollemanhof		0000-00-00 00:00:00	piet heinkade 165-169/jollemanhof			POINT(4.9203006 52.3771033)		amsterdam 		amsterdam 	80	huys europa	piet heinkade 165-169/jollemanhof	2004	7500	7500	vrijk	100%	"
"
sara burgerhartstraat 25	sara_burgerhartstraat_25		0000-00-00 00:00:00	sara burgerhartstraat 25			POINT(4.8462224 52.3833221)		amsterdam 		amsterdam 	84	vml Elseviergebouw	sara burgerhartstraat 25	1962	9600		0-7	100%	"
"
piet heinkade 55	piet_heinkade_55		0000-00-00 00:00:00	piet heinkade 55			POINT(4.9174895 52.3776853)		amsterdam 		amsterdam 	86	ij-toren	piet heinkade 55	2002	22500	22000	vrijk-2	98%	"
"
zekeringstraat 32-34	zekeringstraat_32_34_1		0000-00-00 00:00:00	zekeringstraat 32-34			POINT(4.8519702 52.3966622)		amsterdam 		amsterdam 	88	alpha towers	zekeringstraat 32-34	2000	4900	4400	vrijk-6	89%	"
"
zekeringstraat 33	zekeringstraat_33_1		0000-00-00 00:00:00	zekeringstraat 33			POINT(4.8511523 52.3959093)		amsterdam 		amsterdam 	89	penta trade park	zekeringstraat 33	2000	2400	2400	12-13	100%	"
"
zekeringstraat 41	zekeringstraat_41_1		0000-00-00 00:00:00	zekeringstraat 41			POINT(4.8498304 52.3964594)		amsterdam 		amsterdam 	90	omega park	zekeringstraat 41	1991	3200	1800	12-13	56%	"
"
zekeringstraat 44	zekeringstraat_44_1		0000-00-00 00:00:00	zekeringstraat 44			POINT(4.8493892 52.3971237)		amsterdam 		amsterdam 	91	alpha business park	zekeringstraat 44	1989	2500	2500	2-3	100%	"
"
zekeringstraat 48	zekeringstraat_48_1		0000-00-00 00:00:00	zekeringstraat 48			POINT(4.8478467 52.3971077)		amsterdam 		amsterdam 	92	alpha business park	zekeringstraat 48	1989	1700	1700	2-3	100%	"
"
basisweg 10	basisweg_10		0000-00-00 00:00:00	basisweg 10			POINT(4.841295 52.3922423)		amsterdam 		amsterdam 	93		basisweg 10	1974	40000		0-6	50%	"
"
radarweg 50	radarweg_50_2		0000-00-00 00:00:00	radarweg 50			POINT(4.8343764 52.394529)		amsterdam 		amsterdam 	97		radarweg 50		3600	3600	3-4	100%	"
"
radarweg 50	radarweg_50_3		0000-00-00 00:00:00	radarweg 50			POINT(4.8343764 52.394529)		amsterdam 		amsterdam 	97		radarweg 50	2002	4800	4800	3-4	100%	"
"
condensatorweg 54	condensatorweg_54_1		0000-00-00 00:00:00	condensatorweg 54			POINT(4.8461744 52.3896672)		amsterdam 		amsterdam 	98		condensatorweg 54		8900	7900	2-3	89%	"
"
arlandaweg 161-163	arlandaweg_161_163		0000-00-00 00:00:00	arlandaweg 161-163			POINT(4.8396344 52.3863297)		amsterdam 		amsterdam 	100	telepsy C	arlandaweg 161-163	2002	3400	2700	0-11	80%	"
"
la guardiaweg 36-66	la_guardiaweg_36_66		0000-00-00 00:00:00	la guardiaweg 36-66			POINT(4.8393093 52.3912444)		amsterdam 		amsterdam 	101	bright offices a	la guardiaweg 36-66	2002	14800	14800	0-1	100%	"
"
heathrowstraat 3	heathrowstraat_3_1		0000-00-00 00:00:00	heathrowstraat 3			POINT(4.8334612 52.3854651)		amsterdam 		amsterdam 	102	telecenter	heathrowstraat 3	1990	2800		3-9	100%	"
"
heathrowstraat 5	heathrowstraat_5_1		0000-00-00 00:00:00	heathrowstraat 5			POINT(4.8328587 52.3854803)		amsterdam 		amsterdam 	103	telecenter	heathrowstraat 5	1990	2800		3-9	100%	"
"
kingsfordweg 43-117	kingsfordweg_43_117_1		0000-00-00 00:00:00	kingsfordweg 43-117			POINT(4.8432279 52.3867686)		amsterdam 		amsterdam 	104	q-port	kingsfordweg 43-117	2002	15400	10800	0-11	70%	"
"
la guardiaweg 5-7	la_guardiaweg_5_7_1		0000-00-00 00:00:00	la guardiaweg 5-7			POINT(4.8423935 52.3901172)		amsterdam 		amsterdam 	105	the dam	la guardiaweg 5-7	1994	38800		1-9	100%	"
"
arlandaweg 94-98	arlandaweg_94_98_1		0000-00-00 00:00:00	arlandaweg 94-98			POINT(4.8397316 52.3856021)		amsterdam 		amsterdam 	106	solar eclips	arlandaweg 94-98	2001	4500	4500	2-3	100%	"
"
orlyplein 69-97	orlyplein_69_97_1		0000-00-00 00:00:00	orlyplein 69-97			POINT(4.8374584 52.3900495)		amsterdam 		amsterdam 	107	busitel 1	orlyplein 69-97	1988	11400	7300	2-10	64%	"
"
la guardiaweg 66-92	la_guardiaweg_66_92		0000-00-00 00:00:00	la guardiaweg 66-92			POINT(4.8392252 52.3909205)		amsterdam 		amsterdam 	108	bright offices b	la guardiaweg 66-92	2002	10400	10400	vrijk	100%	"
"
naritaweg 70	naritaweg_70_1		0000-00-00 00:00:00	naritaweg 70			POINT(4.8253158 52.3884017)		amsterdam 		amsterdam 	109		naritaweg 70	1999	6600	6600	0-3	100%	"
"
orlyplein 10/hanedastraat 2-50	orlyplein_10_hanedastraat_2_50		0000-00-00 00:00:00	orlyplein 10/hanedastraat 2-50			POINT(4.837035 52.3910272)		amsterdam 		amsterdam 	110	cristal tower	orlyplein 10/hanedastraat 2-50	2002	23700	17800	vrijk	75%	"
"
apollolaan 153	apollolaan_153_1		0000-00-00 00:00:00	apollolaan 153			POINT(4.8715804 52.34992)		amsterdam 		amsterdam 	111	apollo  	apollolaan 153	1960	5600	4000	3-5	72%	"
"
gyroscoopweg 2b	gyroscoopweg_2b		0000-00-00 00:00:00	gyroscoopweg 2b			POINT(4.8411329 52.3958546)		amsterdam 		amsterdam 	112		gyroscoopweg 2b	2001	5300	5300	0-1	100%	"
"
van heenvlietlaan 220	van_heenvlietlaan_220_1		0000-00-00 00:00:00	van heenvlietlaan 220			POINT(4.8821053 52.3267664)		amsterdam 		amsterdam 	113	buitenveste	van heenvlietlaan 220	1974	11300	10600	vrijk-12	94%	"
"
aj ernststraat 3-55-157	aj_ernststraat_3_55_157_1		0000-00-00 00:00:00	aj ernststraat 3-55-157			POINT(4.888501 52.3318012)		amsterdam 		amsterdam 	114		aj ernststraat 3-55-157	1968	3300	3300	4-5	100%	"
"
noordhollandstraat 71	noordhollandstraat_71_1		0000-00-00 00:00:00	noordhollandstraat 71			POINT(4.8660293 52.3239479)		amsterdam 		amsterdam 	118	noordhollandstaete	noordhollandstraat 71	1972	4000		3-mei	93%	"
"
zwaansvliet 5	zwaansvliet_5_1		0000-00-00 00:00:00	zwaansvliet 5			POINT(4.8659072 52.3256011)		amsterdam 		amsterdam 	120	zwaansvliet	zwaansvliet 5	1966	3200	2300	3-4	71%	"
"
ijsbaanpad 1/amstelveenseweg 404	ijsbaanpad_1_amstelveenseweg_404		0000-00-00 00:00:00	ijsbaanpad 1/amstelveenseweg 404			POINT(4.8571016 52.3407064)		amsterdam 		amsterdam 	121	garden court	ijsbaanpad 1/amstelveenseweg 404	1961	4100	3200	1-3	76%	"
"
locatellikade 1	locatellikade_1_1		0000-00-00 00:00:00	locatellikade 1			POINT(4.8673704 52.3434573)		amsterdam 		amsterdam 	122	parnassustoren	locatellikade 1	1979	7200	7200	0-1	100%	"
"
stadhouderskade 84	stadhouderskade_84_2		0000-00-00 00:00:00	stadhouderskade 84			POINT(4.8935054 52.3577341)		amsterdam 		amsterdam 	123	stadhoudersstaete	stadhouderskade 84	1991	5000	5000	0-3	100%	"
"
karel du jardinstraat 61-67	karel_du_jardinstraat_61_67_1		0000-00-00 00:00:00	karel du jardinstraat 61-67			POINT(4.8960282 52.3516058)		amsterdam 		amsterdam 	124		karel du jardinstraat 61-67	1916	6800	6800	2-3	100%	"
"
de klencke 10-12	de_klencke_10_12_1		0000-00-00 00:00:00	de klencke 10-12			POINT(4.8854836 52.3339725)		amsterdam 		amsterdam 	126	officia 3	de klencke 10-12	1989	6800	6800	0-4	100%	"
"
burgerweeshuispad 101-131	burgerweeshuispad_101_131_1		0000-00-00 00:00:00	burgerweeshuispad 101-131			POINT(4.8554792 52.3401689)		amsterdam 		amsterdam 	127	tripolis	burgerweeshuispad 101-131	1993	7600		3-4	100%	"
"
president kennedyplantsoen 1-3	president_kennedyplantsoen_1_3_1		0000-00-00 00:00:00	president kennedyplantsoen 1-3			POINT(4.9006812 52.3408667)		amsterdam 		amsterdam 	129		president kennedyplantsoen 1-3	1990	3900	3900	1-4	100%	"
"
Anthony Fokkerweg 61	anthony_fokkerweg_61		0000-00-00 00:00:00	Anthony Fokkerweg 61			POINT(4.8428247 52.3406416)		amsterdam 		amsterdam 	130	media trade centre	Anthony Fokkerweg 61		6400	5500	vrijk	86%	"
"
prinses irenestraat 31-33	prinses_irenestraat_31_33_1		0000-00-00 00:00:00	prinses irenestraat 31-33			POINT(4.8760792 52.3416078)		amsterdam 		amsterdam 	131		prinses irenestraat 31-33	1974	7800	7800	4-5	100%	"
"
brachthuyzerstraat 4-8	brachthuyzerstraat_4_8_1		0000-00-00 00:00:00	brachthuyzerstraat 4-8			POINT(4.8664863 52.3537804)		amsterdam 		amsterdam 	132		brachthuyzerstraat 4-8	1908	1600	1600	3-4	100%	"
"
burg. stramanweg 101	burg_stramanweg_101_1		0000-00-00 00:00:00	burg. stramanweg 101			POINT(4.9299087 52.3083756)		amsterdam 		amsterdam 	135	straman house	burg. stramanweg 101	1989	6600	4100	4-5	62%	"
"
herikerbergweg 145-179	herikerbergweg_145_179_1		0000-00-00 00:00:00	herikerbergweg 145-179			POINT(4.9420715 52.307676)		amsterdam 		amsterdam 	136	mercurius	herikerbergweg 145-179	2004	12500	7900	0-9	64%	"
"
hessenbergweg 73-83	hessenbergweg_73_83_1		0000-00-00 00:00:00	hessenbergweg 73-83			POINT(4.9446159 52.3043064)		amsterdam 		amsterdam 	137		hessenbergweg 73-83	1999	2800	2800	3-4	100%	"
"
hettenheuvelweg 41-43	hettenheuvelweg_41_43_1		0000-00-00 00:00:00	hettenheuvelweg 41-43			POINT(4.9433435 52.3056335)		amsterdam 		amsterdam 	138		hettenheuvelweg 41-43	1988	2800	1900	1-6	67%	"
"
hettenheuvelweg 45-47	hettenheuvelweg_45_47_1		0000-00-00 00:00:00	hettenheuvelweg 45-47			POINT(4.9446826 52.3060949)		amsterdam 		amsterdam 	139	bridge building	hettenheuvelweg 45-47	1986	2800		0-10	100%	"
"
hogehilweg 10	hogehilweg_10_1		0000-00-00 00:00:00	hogehilweg 10			POINT(4.9474374 52.306267)		amsterdam 		amsterdam 	140	smith	hogehilweg 10	1987	4200	2800	0-6	67%	"
"
hogehilweg 17	hogehilweg_17_1		0000-00-00 00:00:00	hogehilweg 17			POINT(4.8810492 52.3528924)		amsterdam 		amsterdam 	141	la reine	hogehilweg 17	1984	4600	2600	vr-4	57%	"
"
hogehilweg 18	hogehilweg_18_1		0000-00-00 00:00:00	hogehilweg 18			POINT(4.949211 52.3063185)		amsterdam 		amsterdam 	142	prismatrium	hogehilweg 18	1990	3100	3100	3-10	100%	"
"
hogehilweg 21	hogehilweg_21_1		0000-00-00 00:00:00	hogehilweg 21			POINT(4.8766406 52.3370268)		amsterdam 		amsterdam 	145		hogehilweg 21	1983	10600	10600	vrijk	100%	"
"
hogehilweg 22	hogehilweg_22_1		0000-00-00 00:00:00	hogehilweg 22			POINT(4.9496882 52.3069944)		amsterdam 		amsterdam 	146		hogehilweg 22	1984	15600	15600	1-11	100%	"
"
hogehilweg 3	hogehilweg_3		0000-00-00 00:00:00	hogehilweg 3			POINT(4.9461729 52.3066218)		amsterdam 		amsterdam 	147	jupiter	hogehilweg 3	1985	4700	4700	0-7	100%	"
"
hogehilweg 8	hogehilweg_8_1		0000-00-00 00:00:00	hogehilweg 8			POINT(4.9472044 52.3059955)		amsterdam 		amsterdam 	149	keynes	hogehilweg 8	1988	4900	2800	1-12	57%	"
"
hullenbergweg 109-135	hullenbergweg_109_135_1		0000-00-00 00:00:00	hullenbergweg 109-135			POINT(4.9495854 52.304037)		amsterdam 		amsterdam 	161		hullenbergweg 109-135	2000	5900	5100	4-5	86%	"
"
hullenbergweg 278-308	hullenbergweg_278_308_1		0000-00-00 00:00:00	hullenbergweg 278-308			POINT(4.9510691 52.3047621)		amsterdam 		amsterdam 	162	vogelstruys	hullenbergweg 278-308	1999	8500	8500	5-6	100%	"
"
hullenbergweg 385-411	hullenbergweg_385_411_1		0000-00-00 00:00:00	hullenbergweg 385-411			POINT(4.9504225 52.3052596)		amsterdam 		amsterdam 	163		hullenbergweg 385-411	1999	3800	3300	3-4	86%	"
"
hullenbergweg 95-107	hullenbergweg_95_107_1		0000-00-00 00:00:00	hullenbergweg 95-107			POINT(4.9495854 52.304037)		amsterdam 		amsterdam 	164	tricity	hullenbergweg 95-107	2000	9400	5400	4-5	57%	"
"
karspeldreef 2	karspeldreef_2_1		0000-00-00 00:00:00	karspeldreef 2			POINT(4.9476868 52.3047669)		amsterdam 		amsterdam 	165	waterland	karspeldreef 2	1989	5500	5500	1-2	100%	"
"
keienbergweg 100	keienbergweg_100		0000-00-00 00:00:00	keienbergweg 100			POINT(4.9322112 52.3054724)		amsterdam 		amsterdam 	166		keienbergweg 100	1989	1800	1800	vrijk	100%	"
"
kuiperbergweg 33	kuiperbergweg_33_1		0000-00-00 00:00:00	kuiperbergweg 33			POINT(4.9405489 52.3003736)		amsterdam 		amsterdam 	167		kuiperbergweg 33	1989	2000	2000	2-3	100%	"
"
paalbergweg 26-36	paalbergweg_26_36_1		0000-00-00 00:00:00	paalbergweg 26-36			POINT(4.9548765 52.2992301)		amsterdam 		amsterdam 	168	white hill	paalbergweg 26-36	1991	3400	3200	1-9	92%	"
"
paalbergweg 42	paalbergweg_42_1		0000-00-00 00:00:00	paalbergweg 42			POINT(4.9546601 52.2993371)		amsterdam 		amsterdam 	169		paalbergweg 42	1999	2100	1500	2-3	75%	"
"
paalbergweg 9-11	paalbergweg_9_11_1		0000-00-00 00:00:00	paalbergweg 9-11			POINT(4.9566035 52.2984813)		amsterdam 		amsterdam 	170	holendrecht centre	paalbergweg 9-11	1982	33400	31500	5-6	94%	"
"
paalbergweg 44-66	paalbergweg_44_66_1		0000-00-00 00:00:00	paalbergweg 44-66			POINT(4.9535217 52.2988116)		amsterdam 		amsterdam 	171	de poort	paalbergweg 44-66	2000	5800	5400	0-11	94%	"
"
paasheuvelweg 3	paasheuvelweg_3_1		0000-00-00 00:00:00	paasheuvelweg 3			POINT(4.9520123 52.2998357)		amsterdam 		amsterdam 	172		paasheuvelweg 3	2000	4100	3200	0-13	78%	"
"
paasheuvelweg 31	paasheuvelweg_31_1		0000-00-00 00:00:00	paasheuvelweg 31			POINT(4.9524312 52.2978998)		amsterdam 		amsterdam 	173		paasheuvelweg 31	1989	1400	1400	3-4	100%	"
"
paasheuvelweg 8	paasheuvelweg_8_1		0000-00-00 00:00:00	paasheuvelweg 8			POINT(4.9502421 52.2983861)		amsterdam 		amsterdam 	174		paasheuvelweg 8	1988	2700	2700	9-13	100%	"
"
paasheuvelweg 40	paasheuvelweg_40		0000-00-00 00:00:00	paasheuvelweg 40			POINT(4.951721 52.2977778)		amsterdam 		amsterdam 	175		paasheuvelweg 40	1989	1600	1200	0-1	75%	"
"
pietersbergweg 17-31	pietersbergweg_17_31_1		0000-00-00 00:00:00	pietersbergweg 17-31			POINT(4.9558603 52.2995392)		amsterdam 		amsterdam 	176	trinity buildings C	pietersbergweg 17-31	2002	3900	3900	vrijk	100%	"
"
bijlmerdreef 1169	bijlmerdreef_1169		0000-00-00 00:00:00	bijlmerdreef 1169			POINT(4.9734475 52.3222456)		amsterdam 		amsterdam 	179		bijlmerdreef 1169	2002	2800	2800	vrijk	100%	"
"
kempering 100b	kempering_100b_1		0000-00-00 00:00:00	kempering 100b			POINT(4.9792417 52.3156833)		amsterdam 		amsterdam 	180		kempering 100b	1976	1500	1500	3-4	100%	"
"
frankemaheerd 2	frankemaheerd_2_2		0000-00-00 00:00:00	frankemaheerd 2			POINT(4.9508061 52.3155998)		amsterdam 		amsterdam 	181		frankemaheerd 2	1978	6600	6600	2-3	100%	"
"
frankemaheerd 2	frankemaheerd_2_3		0000-00-00 00:00:00	frankemaheerd 2			POINT(4.9508061 52.3155998)		amsterdam 		amsterdam 	181		frankemaheerd 2	1981	9100	9100	2-3	100%	"
"
bijlmerplein 395	bijlmerplein_395		0000-00-00 00:00:00	bijlmerplein 395			POINT(4.9536816 52.3154935)		amsterdam 		amsterdam 	182		bijlmerplein 395	2002	14600	14300	vrijk	98%	"
"
frankemaheerd 4	frankemaheerd_4_1		0000-00-00 00:00:00	frankemaheerd 4			POINT(4.9501321 52.3155344)		amsterdam 		amsterdam 	183		frankemaheerd 4	1978	3500	3500	2-3	100%	"
"
frankemaheerd 6	frankemaheerd_6_1		0000-00-00 00:00:00	frankemaheerd 6			POINT(4.9498996 52.3153178)		amsterdam 		amsterdam 	184		frankemaheerd 6	1981	8700	8700	2-3	100%	"
"
frankemaheerd 8	frankemaheerd_8_1		0000-00-00 00:00:00	frankemaheerd 8			POINT(4.9487705 52.3153047)		amsterdam 		amsterdam 	185		frankemaheerd 8	1979	2500	2500	2-3	100%	"
"
bijlmerplein 718/hoogoorddreef	bijlmerplein_718_hoogoorddreef		0000-00-00 00:00:00	bijlmerplein 718/hoogoorddreef			POINT(4.955260455608368 52.314363938583014)		amsterdam 		amsterdam 	186		bijlmerplein 718/hoogoorddreef	1984	3200	3200	1-2	100%	"
"
karspeldreef 15-19	karspeldreef_15_19		0000-00-00 00:00:00	karspeldreef 15-19			POINT(4.9526002 52.3071243)		amsterdam 		amsterdam 	187	de hoge karspel	karspeldreef 15-19	1993	15100	15100	vrijk	100%	"
"
eekholt 2	eekholt_2_1		0000-00-00 00:00:00	eekholt 2			POINT(4.9600245 52.3299689)		diemen		diemen	191	business point east	eekholt 2	1986	5100	5100	5-6	100%	"
"
eekholt 24-26	eekholt_24_26_2		0000-00-00 00:00:00	eekholt 24-26			POINT(4.9627084 52.3300505)		diemen		diemen	192	quadrant	eekholt 24-26	1980	5300	5300	8-9	100%	"
"
eekholt 24-26	eekholt_24_26_3		0000-00-00 00:00:00	eekholt 24-26			POINT(4.9627084 52.3300505)		diemen		diemen	192	quadrant	eekholt 24-26	1981	7600	7600	8-9	100%	"
"
eekholt 30	eekholt_30_1		0000-00-00 00:00:00	eekholt 30			POINT(4.9638558 52.329722)		diemen		diemen	194	cannenburgh	eekholt 30	1982	5700	5700	3-11	100%	"
"
wildenborch 1	wildenborch_1_1		0000-00-00 00:00:00	wildenborch 1			POINT(4.9608563 52.3289024)		diemen		diemen	195	wildenborch	wildenborch 1	1979	5000	5000	4-6	100%	"
"
wildenborch 2	wildenborch_2_1		0000-00-00 00:00:00	wildenborch 2			POINT(4.9614887 52.3287339)		diemen		diemen	196		wildenborch 2	1979	3400	3400	2-5	100%	"
"
wildenborch 4	wildenborch_4_1		0000-00-00 00:00:00	wildenborch 4			POINT(4.9620647 52.3283315)		diemen		diemen	197	borchstaete	wildenborch 4	1980	3600	3600	3-5	100%	"
"
wildenborch 9	wildenborch_9		0000-00-00 00:00:00	wildenborch 9			POINT(4.9613739 52.3269359)		diemen		diemen	198		wildenborch 9	1980	3500	3500	0-1	100%	"
"
diemerhof 20-26	diemerhof_20_26_1		0000-00-00 00:00:00	diemerhof 20-26			POINT(4.9532048 52.3263137)		diemen		diemen	199	sphinxstaete	diemerhof 20-26	1992	7700		0-10+	64%	"
"
diemermere 1-7	diemermere_1_7_1		0000-00-00 00:00:00	diemermere 1-7			POINT(4.9534306 52.3246781)		diemen		diemen	200		diemermere 1-7	1987	7900	7900	5-6	100%	"
"
nieuwe vaart 5-9	nieuwe_vaart_5_9_1		0000-00-00 00:00:00	nieuwe vaart 5-9			POINT(4.8553141 52.3502794)		amsterdam 		amsterdam 	201		nieuwe vaart 5-9		6800	6800	vrijk	100%	"
"
weesperstraat 105a	weesperstraat_105a_1		0000-00-00 00:00:00	weesperstraat 105a			POINT(4.9068739 52.3639006)		amsterdam 		amsterdam 	202		weesperstraat 105a	1995	5800	5800	vrijk	100%	"
"
weesperstraat 61-105/nieuwe keizersgracht 88/nieuwe achtergracht 49	weesperstraat_61_105_nieuwe_keizersgracht_88_nieuwe_achtergracht_49		0000-00-00 00:00:00	weesperstraat 61-105/nieuwe keizersgracht 88/nieuwe achtergracht 49			POINT(4.9076503 52.3626994)		amsterdam 		amsterdam 	203	metropool	weesperstraat 61-105/nieuwe keizersgracht 88/nieuwe achtergracht 49		14400	9900	vrijk	69%	"
"
wisselwerking 12	wisselwerking_12_1		0000-00-00 00:00:00	wisselwerking 12			POINT(4.9520301 52.3268839)		diemen		diemen	204		wisselwerking 12	1988	2700	1800	1-10	67%	"
"
pieter braaijweg 1-9	pieter_braaijweg_1_9_1		0000-00-00 00:00:00	pieter braaijweg 1-9			POINT(4.9234785 52.3291935)		ouder-amstel		ouder-amstel	205		pieter braaijweg 1-9	2005	6200	6200	vrijk	100%	"
"
laan van vlaanderen 141/bocholtstraat 58	laan_van_vlaanderen_141_bocholtstraat_58		0000-00-00 00:00:00	laan van vlaanderen 141/bocholtstraat 58			POINT(4.8165464 52.3466284)		amsterdam 		amsterdam 	206		laan van vlaanderen 141/bocholtstraat 58	2001	2100	2100	0-7	100%	"
"
donauweg 10	donauweg_10_1		0000-00-00 00:00:00	donauweg 10			POINT(4.8371129 52.3942182)		amsterdam 		amsterdam 	217	dw10	donauweg 10	1984	7700		8-9	51%	"
"
naritaweg 151-161	naritaweg_151_161_1		0000-00-00 00:00:00	naritaweg 151-161			POINT(4.8332819 52.3868843)		amsterdam 		amsterdam 	223	call center 2	naritaweg 151-161	1998	3000		3-5	50%	"
"
orlyplein 2-74	orlyplein_2_74_2		0000-00-00 00:00:00	orlyplein 2-74			POINT(4.8364942 52.3908)		amsterdam 		amsterdam 	224	busitel 2	orlyplein 2-74	2002	1000	1000	vrijk	100%	"
"
orlyplein 2-74	orlyplein_2_74_3		0000-00-00 00:00:00	orlyplein 2-74			POINT(4.8364942 52.3908)		amsterdam 		amsterdam 	224	busitel 2	orlyplein 2-74	1992	14200	14200	vrijk	100%	"
"
hessenbergweg 8-10	hessenbergweg_8_10_1		0000-00-00 00:00:00	hessenbergweg 8-10			POINT(4.9460761 52.3045542)		amsterdam 		amsterdam 	230		hessenbergweg 8-10	1987	2300		0-5	50%	"
"
hogehilweg 4	hogehilweg_4_1		0000-00-00 00:00:00	hogehilweg 4			POINT(4.9465605 52.3059761)		amsterdam 		amsterdam 	235	friedman	hogehilweg 4	1987	3800		vr-9	63%	"
"
hullenbergweg 413-439	hullenbergweg_413_439_1		0000-00-00 00:00:00	hullenbergweg 413-439			POINT(4.9498194 52.3055838)		amsterdam 		amsterdam 	236		hullenbergweg 413-439	1999	3800	3500	1-4	93%	"
"
eekholt 32	eekholt_32_1		0000-00-00 00:00:00	eekholt 32			POINT(4.9633885 52.3295047)		diemen		diemen	253	cannenburgh	eekholt 32	1982	4300	4300	2-12	100%	"
"
eekholt 40	eekholt_40_1		0000-00-00 00:00:00	eekholt 40			POINT(4.9644013 52.3294454)		diemen		diemen	254	diemer circle zuid	eekholt 40	2000	11000	8300	1-13	75%	"
"
eekholt 54	eekholt_54_2		0000-00-00 00:00:00	eekholt 54			POINT(4.9652869 52.3288733)		diemen		diemen	255		eekholt 54	1989	2400	2400	0-1	100%	"
"
eekholt 54	eekholt_54_3		0000-00-00 00:00:00	eekholt 54			POINT(4.9652869 52.3288733)		diemen		diemen	255		eekholt 54	1983	4000	4000	0-1	100%	"
"
nienoord 2-8	nienoord_2_8_1		0000-00-00 00:00:00	nienoord 2-8			POINT(4.9636247 52.3278068)		diemen		diemen	257		nienoord 2-8	1981	3200	3200	1-2	100%	"
"
dalsteindreef 141-151	dalsteindreef_141_151		0000-00-00 00:00:00	dalsteindreef 141-151			POINT(4.9541125 52.3284555)		diemen		diemen	258	vijverhoek	dalsteindreef 141-151	2002	3800	3800	0-3	100%	"
"
van der madeweg 41	van_der_madeweg_41_1		0000-00-00 00:00:00	van der madeweg 41			POINT(4.9217394 52.3253576)		ouder-amstel		ouder-amstel	260		van der madeweg 41		3400	3400	8-12	100%	"
"
entrada 101-164	entrada_101_164_1		0000-00-00 00:00:00	entrada 101-164			POINT(4.9313898 52.3312372)		ouder-amstel		ouder-amstel	261	entrada gebouw D	entrada 101-164	1989	5400	3400	3-8	63%	"
"
entrada 501	entrada_501_1		0000-00-00 00:00:00	entrada 501			POINT(4.9306776 52.3305963)		ouder-amstel		ouder-amstel	262	barcelona	entrada 501	1999	3600	2400	8-9	67%	"
"
entrada 701	entrada_701_1		0000-00-00 00:00:00	entrada 701			POINT(4.9310912 52.3303193)		ouder-amstel		ouder-amstel	263	valencia	entrada 701	1999	5000	5000	2-3	100%	"
"
h.j.e. wenckebachweg 90	h_j_e_wenckebachweg_90_1		0000-00-00 00:00:00	h.j.e. wenckebachweg 90			POINT(4.9274221 52.3348998)		ouder-amstel		ouder-amstel	264		h.j.e. wenckebachweg 90	2000	2800	2800	2-3	100%	"
"
joop geesinkweg 501	joop_geesinkweg_501_1		0000-00-00 00:00:00	joop geesinkweg 501			POINT(4.9318262 52.3344655)		ouder-amstel		ouder-amstel	265	koningsgracht 1	joop geesinkweg 501	2000	2400	1900	1-7	78%	"
"
joop geesinkweg 601	joop_geesinkweg_601		0000-00-00 00:00:00	joop geesinkweg 601			POINT(4.9325605 52.3343964)		ouder-amstel		ouder-amstel	266	koningsgracht 2	joop geesinkweg 601	2000	2700	2700	0-1	100%	"
"
joop geesinkweg 801	joop_geesinkweg_801_1		0000-00-00 00:00:00	joop geesinkweg 801			POINT(4.9340076 52.3349233)		ouder-amstel		ouder-amstel	267	koningsgracht 4	joop geesinkweg 801	2000	2700	2000	0-4	75%	"
"
laan van kronenburg 14	laan_van_kronenburg_14		0000-00-00 00:00:00	laan van kronenburg 14			POINT(4.8788931 52.3214064)		amstelveen		amstelveen	269	kronenstede	laan van kronenburg 14	1975	7400	7400	0-1	100%	"
"
laan van kronenburg 4-10	laan_van_kronenburg_4_10_1		0000-00-00 00:00:00	laan van kronenburg 4-10			POINT(4.8796977 52.3190281)		amstelveen		amstelveen	270	la couronne	laan van kronenburg 4-10	2006	3200	3200	0-1	100%	"
"
prof w h keesomlaan 1	prof_w_h_keesomlaan_1_1		0000-00-00 00:00:00	prof w h keesomlaan 1			POINT(4.8808085 52.3180801)		amstelveen		amstelveen	271	nieuw kronenburg	prof w h keesomlaan 1	1992	12000	11000	vrijk-11	92%	"
"
laan van kronenburg 2	laan_van_kronenburg_2_1		0000-00-00 00:00:00	laan van kronenburg 2			POINT(4.8788846 52.3183056)		amstelveen		amstelveen	272		laan van kronenburg 2	1970	20400	17500	vrijk-9	86%	"
"
prof w h keesomlaan 6	prof_w_h_keesomlaan_6_1		0000-00-00 00:00:00	prof w h keesomlaan 6			POINT(4.88135 52.3189051)		amstelveen		amstelveen	273	helium building	prof w h keesomlaan 6	2000	2600	2000	3-4	75%	"
"
prof w h keesomlaan 8	prof_w_h_keesomlaan_8_1		0000-00-00 00:00:00	prof w h keesomlaan 8			POINT(4.881369 52.3190308)		amstelveen		amstelveen	274	helium building	prof w h keesomlaan 8	1996	7100	7100	2-3	100%	"
"
stroombaan 10-16	stroombaan_10_16_1		0000-00-00 00:00:00	stroombaan 10-16			POINT(4.8706623 52.3015252)		amstelveen		amstelveen	275	the garden	stroombaan 10-16	1999	17000	17000	1-2	100%	"
"
groen v prinstererlaan 114-114a	groen_v_prinstererlaan_114_114a_1		0000-00-00 00:00:00	groen v prinstererlaan 114-114a			POINT(4.8664799 52.3042755)		amstelveen		amstelveen	277	park plaza	groen v prinstererlaan 114-114a		3100	3100	1-7	100%	"
"
gondel 1	gondel_1		0000-00-00 00:00:00	gondel 1			POINT(4.85981 52.2844008)		amstelveen		amstelveen	280	de gondel	gondel 1	1990	15000	10300	0-6	69%	"
"
maalderij 21	maalderij_21_1		0000-00-00 00:00:00	maalderij 21			POINT(4.8406257 52.2903984)		amstelveen		amstelveen	281		maalderij 21		2800	2800	4-9	100%	"
"
burgemeester rijnderslaan 20-30	burgemeester_rijnderslaan_20_30_1		0000-00-00 00:00:00	burgemeester rijnderslaan 20-30			POINT(4.8637304 52.2987089)		amstelveen		amstelveen	282	ten thirty	burgemeester rijnderslaan 20-30	1990	50000	50000	2-3	100%	"
"
bouwerij 14-44	bouwerij_14_44_1		0000-00-00 00:00:00	bouwerij 14-44			POINT(4.8395047 52.2826457)		amstelveen		amstelveen	283	world wide building	bouwerij 14-44	1990	7200	5200	2-11	72%	"
"
bouwerij 88	bouwerij_88_1		0000-00-00 00:00:00	bouwerij 88			POINT(4.8351466 52.2795516)		amstelveen		amstelveen	284		bouwerij 88	1992	1900	1900	7-12	100%	"
"
zanderij 29-31	zanderij_29_31_1		0000-00-00 00:00:00	zanderij 29-31			POINT(4.8386085 52.2792621)		amstelveen		amstelveen	286		zanderij 29-31		3800	3800	6-7	100%	"
"
doctor willem dreesweg 6-8	doctor_willem_dreesweg_6_8_1		0000-00-00 00:00:00	doctor willem dreesweg 6-8			POINT(4.8413859 52.2798142)		amstelveen		amstelveen	287		doctor willem dreesweg 6-8	1988	2800	2800	3-5	100%	"
"
